filename,genre,chroma_stft,rmse,spectral_centroid,spectral_bandwidth,rolloff,zero_crossing_rate,mfcc1,mfcc2,mfcc3,mfcc4,mfcc5,mfcc6,mfcc7,mfcc8,mfcc9,mfcc10,mfcc11,mfcc12,mfcc13,mfcc14,mfcc15,mfcc16,mfcc17,mfcc18,mfcc19,mfcc20
Pain_of_Salvation_-_The_Perfect_Element_I_-_02._In_the_Flesh.mp3,prog,0.3810193060937538,0.18094095587730408,2196.629266906018,2324.1093645556543,4575.671577710877,9.143400225105295e-09,-67.6302342135495,100.7331768443942,-5.535276631892171,26.46862726496848,4.786222527337103,6.735483024750844,-1.906398512669501,5.451124042500454,3.6818340306329533,6.566749653217152,0.1365826948635261,2.0010154097881045,0.10202783555405662,3.273261763673805,-2.158822863787338,3.592092357056447,-6.614448015273049,0.14898040512980512,-0.783973534659326,4.679393528671837
06._Anekdoten_-_Our_Days_Are_Numbered.mp3,prog,0.3984366937263746,0.14939777553081512,1862.293349256936,2130.201600400933,3876.9847057180405,7.051879000863099e-09,-105.1894443019499,108.42924788690637,-11.397009532456561,36.90079285982591,7.247880211388783,12.005878195690888,-1.8768530421034266,4.287898046264536,-0.7084604900296562,3.5492994537163787,-2.996894806865601,4.983679503706409,-3.3040310417645298,0.9046884328885646,-2.655871565839975,0.01712394237362419,-4.9805758924169865,1.133933350543792,-3.3644845119184192,-0.5352850215054961
07_-_Fool's_Overture.mp3,prog,0.335322303987471,0.10482687503099442,2041.4463551155097,2107.647938036511,4119.596492859899,7.0373997311778315e-09,-168.26501611610192,98.4209682445647,-15.024933785235193,20.404835198301168,0.006378896227747283,2.5427287763468893,-5.600225873977921,-0.748976538977443,-6.678123892188412,-1.244080046720492,-5.0112257888699325,-2.657217174475905,-6.586632424556067,-0.6335137408012632,-3.583247007289815,0.5329895307453578,-2.8079196559409185,-0.5263058258609338,-4.8914037648827815,0.9359690584829921
02._The_Road_Of_Bones.mp3,prog,0.3450421777517194,0.19442051649093628,1816.9379295435356,2098.3660401359325,3852.0079579068774,6.577973471420964e-09,-148.77127650495214,111.66447550108332,20.270445460033105,28.415878999245233,5.773152957025982,1.893157936055542,-8.02401171139516,-0.5069167249776707,-9.68484263882784,-2.661590531112745,-7.945571944955599,-2.6265942259506136,-7.1089014405000315,-2.768945764703486,-6.895262085306218,-3.73851253273048,-6.824282820158459,1.012996531566043,-1.8257869170379817,5.083015092677589
La_conquista_della_posizione_eretta.mp3,prog,0.31596714410490334,0.1065635085105896,1882.2868562233675,2028.3976264528371,3772.136014635856,8.555940457893157e-09,-159.85010024256977,112.70983104645502,-7.213426036126997,27.961507786847324,-2.8206757416879777,0.44883422931031847,-8.599468837738161,-2.0724731277605777,-9.963303078870641,-0.4801940904025893,-6.138468982231569,-1.143633382244433,-7.782775232151933,-2.5229658946412394,-7.118445527663707,-2.288064786470266,-6.297064682327444,-0.7836120480950854,-4.867994594008046,-0.5133687276613483
02_-_Odyssey.mp3,prog,0.339994648836644,0.11128945648670197,2336.3582351881696,2295.711092199033,4773.968162086738,1.2302404208178121e-08,-108.1931968926082,89.6905317014477,-17.34790818489081,25.703602242463855,-2.8034794915212595,4.587657518234698,-6.2499987434017585,3.381117879268442,-1.763943341772499,1.961411398104821,-5.958166359261769,0.3760015829188435,-6.403115347992867,-0.708743201100573,-4.713067434668259,1.9997964263580659,-4.925770957627277,0.01337137469721637,-5.432641719991291,0.13709599480566012
"01-The_Bryden_2-Step_(For_Amphibians),_Pt.1.mp3",prog,0.32902965164566844,0.09716501832008362,2169.964295063117,2280.484122515923,4465.438647168325,8.632494628350707e-09,-172.75780617595825,91.30975032822552,-5.954119838013443,34.39091516820609,1.0993522480067628,6.547806983459136,-5.165107135324367,-2.6506724115542073,-4.488278010611349,-0.6253344883779665,-2.8878572297426675,3.15291271880259,-7.995687036078029,-6.611423220162122,-8.74244579184377,-5.550426300942454,-8.082346738814218,0.574450540065388,0.22166527630387503,1.6526268816340088
01-Sospesi_Nell'Incredibile.mp3,prog,0.36156103131033523,0.2303188592195511,2871.1636650523665,2746.938426622856,6158.949682019652,1.1725419143617029e-08,-68.38586918997431,73.43656833190444,10.961873297121219,15.166008788187002,8.655358904818922,10.556534884107345,-5.956120979073375,1.3505783240923002,0.07159013390349543,8.159171852638059,-1.8431726948363742,0.13106329892139337,-6.458136221511557,0.7555086439785763,-4.73605051575295,0.49048105711614176,-4.889593121481535,0.5517766491087989,-5.754167616386273,2.8065042924139867
05_Schism.mp3,prog,0.42445565790324113,0.15156210958957672,2173.332776785576,2071.7094728277716,4312.034046497127,1.0976345473642505e-08,-109.25125911860079,89.4269554285343,-29.640403125283118,55.850262860648144,14.836362993861949,14.49846103501912,2.046305890580793,4.771890009879701,-1.286721577817168,1.5415695934338682,-1.0151820440492163,3.2818603083466162,-1.5849835193309156,-2.2769602687390935,-4.854438490610835,-0.6522383639842623,-5.684264617383034,-3.781540565440145,-4.674011463380712,-2.896745088065276
12_-_The_Garden.mp3,prog,0.3840327710427193,0.1992284208536148,2259.923891730163,2192.1401730548764,4456.20662530404,1.3182911185181582e-08,-44.8316055403139,94.74166690493774,-25.96893685279934,31.425212153899263,-2.1682050829843833,8.091952263179683,0.9552050657127119,3.558373294069816,-3.1483747834194467,4.614009693440775,-6.438725984224165,-0.29044430613832484,-5.767659419673982,-0.7572118396225284,-3.0243894310506154,0.26539270141716303,-7.640750721089299,-1.8287932568123368,-7.301737780439845,-2.4435671613809755
03_Anesthetize.mp3,prog,0.3841710586911758,0.1613912582397461,1943.4841099806242,2252.649884603062,4162.1150093426095,3.3142047529576606e-09,-103.3505440639549,107.46117508085392,1.7404299704642485,32.71289777615583,4.509769323735151,8.749997877596048,-0.3375804124634558,5.38695768308762,-3.862977311284305,0.6245070775713211,-4.202244312307389,3.0978528070423423,-3.718552379269634,-1.122893037577335,-4.320288269805317,0.5749034939336418,-6.239085157222297,-1.3697391706512962,-6.305565267626367,-2.7883587770427254
01-Zarathustra.mp3,prog,0.30961221163909486,0.09344010055065155,1666.7161580576114,1947.8989569253076,3606.81639043135,2.8425561126087986e-09,-207.65298339507558,111.63015869162992,12.480621236034928,27.448339170331003,9.03632531017491,7.3873814769839905,-1.3029860804387534,0.8570471468098199,-6.884269857468088,-2.43566931255273,-2.174728971097073,-0.7827973649671373,-4.163242821011617,-0.6222249233877613,-4.231021379107537,3.5190011018967775,-1.5736436329924035,0.47464142927782194,-1.8859727516134195,-0.2962068895040228
105-emerson_lake_and_palmer-karn_evil_9_1st_impression_(part_1).mp3,prog,0.3414633457116263,0.13545724749565125,2088.520005470744,2122.9636035085523,4188.708983186164,9.307217069249855e-09,-91.42955742089059,102.20795451624933,-26.939930889037743,20.794181631083667,0.20369180315674482,20.871552982296926,-2.4803344191209247,3.175309441756879,-7.834462990073846,6.299069340271251,-1.2464572471691662,0.3253701871639586,-8.187162019057743,-0.25461249621227733,-5.817834640400296,-0.7943098380421105,-3.95238112906442,0.20803886943358585,-4.367451018481738,0.2503612249666134
Appena_un_poco.mp3,prog,0.325978279302043,0.16355331242084503,1897.876559234883,2234.283635342565,4301.72888550558,6.634418403877642e-09,-159.73787544278827,98.78618367220496,15.111535445653844,24.016293420626862,11.753186417880599,10.734106490394467,-0.5020573217605946,3.082403170814808,-1.297355335508404,2.5040715157598252,-4.718951392380461,0.7187371500727077,-1.2602117411394418,-1.6034694816343558,-3.3646268094059137,0.47335488718051544,-4.303031037495103,0.7752473292237029,-5.259772338350846,-3.52611224058864
02_Master_Of_Puppets_(LP_Version).mp3,prog,0.44136528603527636,0.18497639894485474,2840.1671949398233,2461.853175193625,5545.455920950922,1.219230739220289e-08,-57.39261493459556,54.90619266268811,-15.438805768799494,52.0082094172395,9.482351435737272,16.274864081507598,3.8428581131028365,10.857255747237717,-5.133481280541543,3.654274529159081,-0.35196031885155044,2.732271524626219,-5.786702374642366,-3.9371662047158305,-7.641283446623839,-3.732270876816941,-10.836398125532893,0.7278903845801374,-2.958930177730821,-3.337829348898617
05._Part_V.mp3,prog,0.3380052242848629,0.22791863977909088,2411.9672931037207,2406.6128982367272,5117.469691984643,1.4490493136776456e-08,-55.75520799108106,87.15186035596787,-5.227196631891585,27.310229304982933,6.089516476047595,10.419572212682798,-3.5929771059507902,9.471879370951758,0.6664391648816834,4.564170525700754,-0.17065265153688514,7.790585162519107,-3.7139463558614447,-1.5555373532804184,-5.982479366051354,-0.6666456827596289,-5.75176354329136,4.669339249156007,2.6255895845204336,4.359640575400653
05-Nine_Feet_Underground.mp3,prog,0.3876679700541817,0.11385224759578705,2030.8320937228098,2240.1451885709826,4155.511598662037,3.057004450678548e-09,-127.13931191473614,101.60880416259646,-10.650755615512443,33.91448752866484,13.081982978788192,8.731726984249958,3.023734795023618,4.266611856962276,-4.837175484587773,7.162887549517544,-4.252576473024512,1.3706029990165653,-5.919636198594625,-1.7592204393340827,-6.254213044864045,-1.2718395469650776,-7.4469038597829975,0.8020964722977802,-5.604603378730692,-3.068195719595721
05_-_Starless.mp3,prog,0.3092889344829662,0.14022552967071533,1765.459528589534,1966.2710494887838,3621.536094533802,5.087172474728247e-09,-148.01122217275892,109.1719510594213,-6.9271271795773375,38.95442965110369,7.566246328858351,2.250741350448051,-1.3466851611836874,6.079254081415699,2.830838710223828,2.192923380788768,-10.210742459607538,-4.084742602795836,-11.94636768246821,-4.53994574843609,-3.1042776524197975,2.5978844007255644,-6.5880272062798015,-1.5818703540408283,-6.605235206417808,-4.791401716041458
MIKE_OLDFIELD_-_Part_One_(Tubular_Bells_I).mp3,prog,0.3107866364035787,0.08089586347341537,1319.4784899175504,1675.6390758179866,2547.5823648032233,1.986013002566405e-09,-251.16532965368114,133.62960580441163,4.182516864982757,23.74779960560839,-0.40266919571331455,13.22180278136628,0.026845341459335953,7.96257414397578,-1.0939622346327758,3.402888610539563,-0.07005617543471364,3.5650127415937494,1.6201558133870875,2.6833203815723503,-0.8190041722123184,0.7943830805333648,-1.501934731476834,-1.630058447055408,-3.838057399808508,-1.7438624354095857
205_The_Court_Of_The_Crimson_King.mp3,prog,0.3329854733666211,0.1337934136390686,2229.457995902905,2368.275557592512,4723.601579409827,6.866470742409854e-09,-176.28366236697752,77.43500572800669,7.700658843440663,40.86944900303722,-0.28688062921332175,11.23877492243145,3.1090110214842355,6.004859369835232,-3.4888512162265064,5.236875819601595,-7.387999999575778,-0.08755745349928411,-9.069976657573037,-5.357105715543286,-8.542462156404547,-5.70317413134869,-10.752437536683908,-3.0216761680257407,-4.319094480286127,-2.197827149138667
01_-_My_Spirit_Will_Go_On.mp3,prog,0.46444846126788325,0.2777501344680786,2826.93119714586,2533.101822909559,5664.091107889187,1.3038153282205672e-08,14.877390989787742,67.21865550616621,-13.655124133121266,35.53798002945022,-3.768009805469325,20.119815427388247,8.49797107226844,13.61236745993091,2.385964097770547,7.176542731058634,3.4054897268668625,6.01991685046672,-1.8007767764494105,3.1941741064664066,-5.126461672104048,5.6831763639052815,-3.6031547442619316,2.000679139904338,1.5662180491796924,2.6264777067210034
Paul_Gilbert_-_Technical_Difficulties_(Racer_X).mp3,prog,0.42461399951342077,0.2599838078022003,1989.6560791152228,2119.6385106087655,4150.404009195426,1.4286653684727986e-08,-32.829505820815456,100.20124920100127,-18.78380313872144,51.0418049981237,3.2105599532743003,12.909197971673965,1.7095557130319656,15.809802176613461,-0.07491837415299471,4.197618268816213,-3.691786494559331,2.109353878234405,-6.657876274560101,2.0057384656961967,-0.9232098804111074,4.850054981857459,-0.6671200990667537,2.046426576940986,-1.2009823167969564,5.93309583209919
05_-_Fatal_Tragedy.mp3,prog,0.403637963729588,0.22829943895339966,2245.0087548984793,2354.537994643788,4813.693148509284,1.1287241905683138e-08,-25.016464716025094,98.1894914472644,-10.557907282263965,28.17203220879601,-5.055803151995236,9.57163646754277,-1.904627989675971,4.64731787360131,-4.909288771036008,3.8009673642120707,-1.329527043951133,2.880483225062654,-6.700758907748896,-3.91439903670687,-6.377750906756532,-0.8617596879090859,-7.220134913450375,-2.269580364013,-3.8819068036929285,-0.3096058889282316
Thick_As_A_Brick.mp3,prog,0.3542059916924782,0.06998072564601898,2094.2512954558038,2276.330363937744,4415.53974070035,1.6650172819093398e-09,-198.88019341094483,96.3752026016141,-5.84587427728276,23.23395107260003,2.6653909521572814,10.023792915704915,0.7279850685470166,8.170589691532712,-4.990725995538118,1.2083178736633253,-5.201601645908226,-0.13990168829492441,-6.256716881991566,-3.726917529071527,-7.394495438068515,-2.3998692404861592,-7.99966483278918,-3.2625693862268648,-8.571772228444168,-2.3603344501874624
09._Bo_Hansson_-_Rohans_Horn_-_Slaget_vid_Pelennors_slatter.mp3,prog,0.3136862094561527,0.17268459498882294,2490.861060728627,2528.093263190669,5577.169272562319,2.0814614404255905e-08,-89.41116172145252,86.49083760248396,0.8700503920998758,15.873439341189007,0.4927717994125285,12.360846998996244,-1.8454165402535387,5.7012486270472165,-1.8080236028935728,7.401134978964736,-3.360434313748635,5.1708949602795355,-3.1833949032591575,3.3244231840516907,-1.9565792354153184,1.8049652442744355,-5.2490412894407354,-4.714581172071358,-7.1506592373726985,-0.04524703807703554
04._Second_Life_Syndrome.mp3,prog,0.36584018486075226,0.22041849792003632,1690.276842734093,1991.1068928372388,3597.5154029783457,3.3745465563319756e-09,-78.7056119851135,120.66368696026018,-3.2922106694396076,41.62789219396659,3.790036759256491,8.269549920663906,3.383106595146622,5.941688530303159,-2.257201205564421,5.09804516698883,-0.18466420609302794,5.201689909299546,-4.326297005091934,-0.6620534603575718,-4.409638521884116,2.8136499779006092,-3.1998580158591476,2.198475057737321,-1.4015287381981172,2.9426621854201285
01-The_runaway.mp3,prog,0.4193975952175469,0.15301413834095,2730.553766199606,2490.462885034954,5416.093787235612,1.5796665954570816e-08,-94.00109620382851,71.855568601778,-1.5310889770434681,39.97803851554599,-0.9233811460231857,9.828693457270452,0.28876742320276766,5.339146792975507,-1.8154607475890265,6.836460201802892,-3.5120110393760804,2.515328824655557,-1.2097453665262636,1.3261126971196167,-5.425095736927031,1.9074211190512123,-5.192005932240452,-0.3770484513285641,-5.953034069842161,-0.5804977504679822
01_-_Luminol.mp3,prog,0.4117448505162356,0.13325205445289612,2113.191147512074,2234.33831659506,4335.295522117445,5.587700238283091e-09,-136.27430103471772,91.39862221755463,-8.956721803598313,29.70475160904998,9.63049682487033,12.02531208431797,1.180467597042477,7.322917428858667,2.5671966078694943,5.525931085061613,-2.86009552641793,1.6226555411085322,-2.273506708006782,-0.47337830922879737,-3.658092696765509,2.403862738099768,-5.080019945175492,0.39952494906540215,-2.266707215554906,1.9669080832262105
08_-_Kingdom_Of_Dreams.mp3,prog,0.4129433780488623,0.30443623661994934,2023.453425088208,2266.114661443674,4435.866754137909,8.99257580506178e-09,-31.74269859239641,101.58538897538128,-7.21598881732062,36.33164836440103,7.023161619238723,11.790058925410747,0.7044181415655267,10.80900633152337,0.47647289479566635,11.076457124271128,0.8939614935780176,8.290637076173903,1.9139223168174544,4.682481590073137,-2.5153718315298166,5.388362253983296,-2.408079389111557,-0.08091207321961397,-2.4250410001517944,1.2324725555229108
03._Omen.mp3,prog,0.3257957721421854,0.10907883942127228,1726.9196912055459,1885.9928982454285,3436.566079904695,4.896359434775294e-09,-163.93847980984205,115.28308100703265,-21.89019059778368,27.451015225196507,-0.00799188510974089,4.830106083511031,-2.0423192814533047,3.831051388938545,-4.409886548810198,2.580838798659819,-2.758391425508819,4.784478231649957,-1.5360473196253026,1.7720407161616643,-0.7067634275589597,2.972654553601222,-2.500822371378588,1.5960025701840526,-3.1657263050911237,2.6124006324171374
05_Soup.mp3,prog,0.42864073933362484,0.09298595041036606,2547.4921471341227,2421.9027089213555,5159.014830061848,9.317737104623814e-09,-153.94692822563175,76.74741211958455,-15.365295675287236,23.110671023259464,7.430194324799587,17.859069220796936,2.333274831839386,10.364018718452193,0.08098656604357075,7.084831798684207,1.2055441935097164,3.5520304748165366,0.5670027190934175,0.893446976805519,-4.108602311234097,-0.23180843288641023,-5.718993845835986,1.4724313473471968,-3.774759267379828,0.3090570628816434
5_A_Sprinkling_Of_Clouds.mp3,prog,0.3724204398522031,0.10036782175302505,1586.12131133588,1823.7610584288861,3301.5874602761387,6.278552094129941e-09,-166.01046751980695,131.60668063923472,-16.70882941913177,21.476013357564355,4.624556683938642,7.181614106846989,-0.5866078820671401,3.6379245603104704,-0.6777367288641728,1.4373758851713854,-4.912065927316551,0.04709845551458593,-4.667783679242496,0.012307188628923372,-2.4041962701686646,-0.18385524746083196,-4.675512440991472,-1.0291059728692198,-2.896232977801843,0.3420506282984703
Opeth_-_The_Moor.mp3,prog,0.4164010847722844,0.14639100432395935,2170.4075940776092,2217.888025067491,4540.540789127818,6.662913257528274e-09,-108.99947821585076,94.31262540653127,-19.319003262682955,27.690261156400048,2.598938857267124,13.693982295544863,-0.3377488632454435,7.46470858440754,-0.7486210341878454,-1.0452168602763632,-5.7240179766817025,-1.3563348290876152,-8.181345037887281,-6.731231303104643,-8.986879593545368,-1.527658008544554,-6.507509232756489,-0.21436144112211736,-1.7330779919551726,-0.7639517160412953
03-genesis-firth_of_fifth.mp3,prog,0.3434943426205702,0.13940739631652832,2288.453562431929,2330.1826291283405,4824.861333805212,8.002208126881303e-09,-122.63282422181815,92.845188579204,-2.3150902160236937,26.67831827560063,1.617731809228129,6.965995326196124,2.989289646930574,8.28473740271797,-1.4131408410820252,3.8993054439692667,-1.0319442497985831,2.9992220513831596,-6.706460997652486,-3.141864366216925,-4.638742312865714,-0.2938346539016347,-4.2227510952112866,1.931762779640658,-6.5604874944658915,-1.3367953808037265
01._Hazard_Profile_Part_One.mp3,prog,0.3934520307508019,0.15773797035217285,1824.331996502194,2000.3738084298875,3738.0539703464124,7.065872314681267e-09,-95.16075271669516,111.48230700412077,-16.41915130611285,37.15964428166213,1.5006721268831422,13.495792266555549,-2.967274552411403,5.342599458835308,-1.9284411025263994,0.2510970657872772,-4.966726538366263,0.09309448352475345,-3.21231018637963,1.0038402821903343,-5.100412456199069,-0.03594023245520835,-4.805446233206988,-0.16431537391356532,-6.323948911696862,-2.593083927735583
03Uriah_Heep_-_July_Morning.mp3,prog,0.3909602386194607,0.11356782913208008,2199.095597837973,2249.2958847681857,4396.48040630417,6.673945442080579e-09,-151.09646403688083,78.47921232677305,-16.062049618425277,40.9410059822706,14.371706937896919,17.523549134911004,5.062706194413503,11.789997796160101,0.6261616152858215,11.269950395535842,2.1757040489480928,3.253991653685321,-5.436209643582077,-0.3513343628835371,-4.40268913345915,1.3229698245039994,-5.689135875976106,-2.028280068599645,-3.937358546162402,2.686588153722975
01_Roundabout.mp3,prog,0.37271109970026545,0.10665532946586609,1965.2125941670336,2145.567638607053,4103.751722828533,8.268724972395662e-09,-143.65101832436238,104.96111166074827,-10.391915687472583,18.69347831002781,9.747574382900245,16.249541977816712,-2.737438543538524,2.39323702867752,-6.3641749594157435,0.5932084563373885,-4.881075726353103,-0.17196217720840878,-5.589202553254944,1.1945562370874407,-5.320911610600264,-0.8830399030599292,-3.3955679616499705,-0.9171536424450127,-4.1490777658959415,0.2535186045315968
02_-_Arbeit_Macht_Frei.mp3,prog,0.3846156687686519,0.138335183262825,2760.416575309636,2844.940544356071,6197.094708869441,1.051071011186146e-08,-111.03758156332397,67.16741820629818,13.82994054096416,24.813259986944605,8.643647977194496,11.162352415136366,4.410290052945791,7.406818581458222,-0.8541681791734597,4.663429009892704,-2.339097361714263,2.9093379336174228,-2.5221283746892316,1.66094539196665,-3.2156205559543563,2.7116245093170948,-2.3393535951429345,0.6873437433821553,-4.331374109964034,1.3739103355725435
01._Vert.mp3,prog,0.2982298320256807,0.11821535974740982,1532.3678302013368,2022.5091347337557,3144.3805087534392,8.672044301501868e-09,-174.3170732254118,122.78762589708077,7.079602040880449,21.62828448504588,3.1745507285663086,4.749313996972053,-5.741333849511143,2.5100735261843545,-6.941856497096487,7.89730640624449,-5.179310538000925,2.1361745208418177,-1.63479370341869,2.1885473133252558,1.163983493903144,3.422953612332044,-4.628703778322602,3.267090595621137,-3.9352365520983277,0.6004629990542875
02_Dogs.mp3,prog,0.3614396359074769,0.08707556128501892,2173.5679041090502,2333.5765790586524,4538.578048049473,4.844571911827614e-09,-146.8600981966345,97.49928753208528,-7.045532750694797,23.259586133368188,4.718295839099743,11.748642364822606,-1.4887960728113603,5.142988309121389,-3.8286664879664722,5.130357561980777,-1.9258857723487615,5.336418657405107,-3.0533352884581637,2.1904877044246938,-4.140248729939197,0.4411460476275214,-7.06289826625898,2.0605619980398693,-6.15183750137595,-3.7072255170525543
07_-_Zartlicher_Abschied.mp3,prog,0.2440151463968821,0.16646899282932281,2167.1774239261117,2271.7901606269797,4600.346635413293,1.242254168362845e-08,-117.19224880385904,82.88996877369293,-0.45057155916618863,16.790142908113477,-7.913240441794371,1.385364945547,-3.8712920801193995,-0.8933568932997262,-6.96689563044424,-2.0559606917399087,-10.009655713331117,-3.1354453147203016,-5.968452574208592,3.637859892920806,-3.729118671105485,-0.23100396530932096,-6.2569337991628275,-2.229840199784842,-5.3042581928985895,-2.04325751931306
04_La_Villa_Strangiato_Rush_Hemispheres_Deluxe_Edition.mp3,prog,0.388822655460487,0.16263560950756073,2123.0064429783815,2365.2348220094,4629.889421788282,6.934532155147846e-09,-112.07009500470572,96.71621858963776,-0.44704222129086274,30.30879605590496,7.781898466606243,8.053352892280072,-3.7166282831437054,8.801725594657109,3.7711974225785796,2.084144868008488,-9.616824595107623,-2.3531156139449965,-2.872013474696495,-1.8638593104846342,-8.48718529115491,-0.11644623027679188,-2.307347715312096,0.614443501556306,-8.420081166202069,0.9964167935548076
05_Red_Shift.mp3,prog,0.3519224408874528,0.1853230744600296,2281.25212338942,2553.802181734694,4999.750437097716,8.915048189662594e-09,-132.29984034009112,96.12214905498705,22.645695061057385,20.935099627350105,15.251443423719579,3.779401957000006,-2.9800041773335417,3.6910688113792687,-7.157456895684664,2.7307434834002313,-3.9595000093122117,1.6124877474372767,-2.9567826143196263,-0.2597839448835598,-2.647723072690783,2.23080897864558,-3.6952973325306804,5.098350961519047,0.21099529665827535,1.0555038930831857
03_-_Suenos_De_Maniqui.mp3,prog,0.3530138732656524,0.10501862317323685,2683.7790166230275,2555.1757789008816,5521.683553930028,1.107367589348693e-08,-137.57531610164224,65.74567951037658,-4.661443330849401,35.54407007438468,6.696648778047527,11.108838774737462,0.9734504278772338,6.542931983193125,-0.05616171935930643,4.926261969880931,-0.1334882054255824,4.426274262099028,-3.166300782942894,-0.053409021524373296,-8.284551480195068,-3.7872496052053983,-9.322008090540876,-1.0868858571946638,-5.2549671433111715,-1.5311519707731522
11_Bohemian_Rhapsody.mp3,prog,0.34627140882311797,0.08859431743621826,2135.589116163805,2211.7944646125866,4311.055903889686,1.2931013621794238e-08,-189.77554314051804,90.91783138865675,-6.589041659574133,30.340528360434657,1.5732432437417279,4.161264839995955,4.962398441924036,2.3366764675996814,-6.424182953375985,8.013018547739641,-5.85547136574383,4.140996384251539,-6.057202995070902,-5.446751954168854,-4.484572612827854,-2.1736532823980927,-5.684006472785719,3.57458749406896,-2.9093787893251,-0.5564550689886681
01Al_Di_Meola_-_Flight_over_Rio.mp3,prog,0.3579552769165146,0.11313627660274506,2147.019978790485,2418.115965087743,4778.665017356495,9.148899082309896e-09,-143.0949547669245,95.7393303630806,9.520360431405136,31.264334360253056,2.522771154662849,10.018123222037486,-1.6121787592412218,5.6548663849727,-2.174922717737752,2.260149882692793,-5.728329029775926,-2.0887903596426907,-7.389243658745598,-3.2432357040833506,-7.22479427775158,-3.484507869217172,-8.163080868869224,-3.306097425812275,-5.397718288130551,-2.36899814494927
06_Megalyth.mp3,prog,0.45123063925533496,0.06088092923164368,2415.3306151825373,2520.7310432203567,5292.313019245426,4.661929795730963e-08,-147.7139668436388,89.13321905675606,-0.46336509347348814,24.594076667430205,-6.6250495977728265,9.522839913450909,-3.643677065999505,3.735410927563201,-4.882640981846953,3.4178807838117247,-3.292243573203156,5.029317219752731,-1.6494522483068281,3.146436159965807,-3.6470928173392014,2.452631197007395,-2.406375650466435,2.71202142231407,-3.032286528940072,-1.4454346043063782
02_Willie_The_Pimp.mp3,prog,0.3568339214638484,0.12691180408000946,2535.121054325952,2406.865673103098,5147.71583155046,1.0540498271245336e-08,-66.62739377369972,82.80654040311438,-22.4080391333549,25.607560337703923,3.917562411038141,8.344934398040923,1.931837881770224,13.153693672282644,-3.687201177590454,-0.7448863166970856,-7.489497613060051,-0.2660094518803258,-7.6672122572726344,-0.6138929563701033,-6.660262671806462,1.3839322992906313,-3.611049474680611,3.910785910784516,-4.083165856776319,-2.9408073385085687
01_-_UFO.mp3,prog,0.33899865059408335,0.12407275289297104,2337.6540232856355,2388.8750912677656,4909.539392500299,1.3173230890921889e-08,-113.52269811343679,85.86421589707996,-2.2591015393199987,22.393284834348982,1.4520000399771802,10.192816706240727,-4.6285407499536895,-0.9986730260331375,-9.5543728784917,-0.5304088017085989,-6.2218525415444645,0.716110059485082,-8.403414880612074,-5.041065661136548,-9.64957383780957,-1.5088782381028425,-7.278133901710004,-2.533079441480005,-5.681152358988439,-2.094342308450859
01_-_Birds_of_Fire.mp3,prog,0.40229104837743335,0.11234564334154129,2469.2162157804246,2556.7154794171684,5438.980848506184,1.5643938051464373e-08,-111.11819482567462,82.2989088849982,4.211538603746664,27.308207762623258,5.45794130312831,10.573345770588212,-4.300960391772608,11.984718489223566,-1.3917572018139603,3.1723284908107225,-3.6426303429254574,5.905001343358645,-4.303219295230258,2.6653122053133567,-3.2540148477243247,4.448051061689356,-2.4076562829876114,0.32108256007510966,-1.9485717255999755,1.1712306736391491
101_21st_Century_Schizoid_Man.mp3,prog,0.3877600257912458,0.148235484957695,2781.7961760037324,2621.0792743634374,5905.766450019022,1.360050794493146e-08,-96.14058895484908,63.27098529640358,3.456926131018782,34.58055097574507,5.750668733972597,15.408766641723686,-4.878517323885602,14.481208565801687,-5.084155666651568,7.466030844553371,-7.986323977419916,1.9407695735980088,-7.303126063678698,-3.8434190424716284,-7.0115969738838615,-4.248355448439544,-6.142473237936714,0.4669752995721766,-4.7507973592630055,0.6416544489747306
05_-_Vivaldi.mp3,prog,0.3164553352955302,0.10910516232252121,2522.4587153578314,2091.849282779802,4791.042322419224,1.5932179529258635e-08,-131.69020322300705,70.63404561014438,-37.21059233701065,44.49643485182272,-12.642368071827141,8.374701956042452,-10.887774038453907,7.043582036726735,-9.719358043428038,-1.070034572099793,-9.875403200011506,-1.3098139089109178,-7.058087092148647,-7.3233274644225546,-0.8883922348733072,-0.26380040381113184,-4.072934871447773,5.372353648253583,-2.6035325709001236,-4.304009179592371
01-hymn_of_the_seventh_galaxy_320_lame_cbr.mp3,prog,0.3858223850088249,0.11648573726415634,2649.7756811365475,2442.340047400224,5450.82880246416,2.9895644153149914e-08,-98.53438893682224,72.88745244784963,-15.59978932450064,26.815800622253853,2.6129342681288734,19.683349474197897,-4.632755729973779,5.783892699426237,-5.142061862460148,1.5710398187518375,-4.9294597500090545,-3.936777778583168,-6.896570907690749,-3.0358925501165226,-4.9917795217510985,-1.9165941741844519,-7.12913246570924,-1.1106092511293928,-2.970190820532974,2.9270497754141878
01_-_ace_of_wands_320_lame_cbr.mp3,prog,0.38697746768718955,0.08041294664144516,2881.396458883345,2579.710031945646,5856.236828613281,2.1911508361527102e-08,-147.53622350424243,64.93211465225733,-4.219716199317735,36.59644246029019,3.3693495623287153,14.908534973115357,3.5864608389026116,7.610626693813498,1.0002835499195426,6.782247060846307,-6.4601380331348315,4.332311845406159,-0.4947714695388711,4.862001580637577,-3.5159014023192614,3.344565230770095,-1.810241977987362,4.692914488773706,-1.28815425227476,1.2935319252203514
02_Scorched_Earth.mp3,prog,0.3845891202262226,0.26451167464256287,1624.5650003139688,1961.5355349082824,3391.2363947406243,5.621936379221001e-09,-54.085039574695095,129.20763268125947,-14.410211814697222,23.67814823707067,9.448531222934337,14.487983712456224,2.2814040571287686,5.366319867106529,-3.94696536206983,6.824046986030153,3.1874834059145845,2.3510650795118218,-3.6349587043481066,0.081924057133886,-2.8428450099957505,0.18517062656777722,-7.1200370241429844,0.26793118369320235,-5.689773053883769,2.7123936288331962
04_-_The_River_Under.mp3,prog,0.3137351595070415,0.21659114956855774,1832.0404824781363,2070.9859003508586,3912.1834622058986,7.119693090755831e-09,-78.6570040722057,112.15517743490935,-11.97773876690732,40.580106719523975,-2.706238525189361,2.480335497891635,-6.294534353061609,1.175270828535018,-6.65412214431045,5.928748268303153,-11.98808967212929,3.7275363715855256,-7.493363328438737,-1.820447410278782,-1.0663772221518728,2.0849848701623537,-6.530641255931683,-0.5196263720091053,-6.623704858038661,0.5777294450220848
05_-_Entree.mp3,prog,0.3277557639230795,0.06569182127714157,2881.5550542595083,2684.6623063636894,6190.680077696213,1.8646455116699206e-08,-184.19551256441,58.75078974934723,-0.08883104589409094,26.149670100400694,-8.694252024164156,18.74581135640612,-8.438584143378234,9.567349089844626,-5.632940079069616,2.394663355474283,-4.802827924194147,3.3704052775861064,-0.9088639082415151,7.704118043587987,3.29562422118847,7.548814069732167,-1.9426583986942572,3.0652940796248713,0.11351083244962562,5.041791341175045
01_-_Autumn_Lords.mp3,prog,0.45608238110332144,0.11046447604894638,2867.311815953373,2517.730441863319,5632.044438542546,3.676710148168031e-08,-68.28676775808358,66.98005097959472,-9.090925949478413,40.87878975841886,-9.534213789168634,10.331735883168896,-1.4156328750012193,2.557080222667598,-3.165742103775031,5.003615854279734,-3.4422962719410832,3.5452070880779574,-4.188511481798519,-2.6236179039373266,-5.885029701042172,0.8615357617144164,-8.504153386434675,-0.5220857613310398,-3.40109549502263,-1.7216853180638136
02_Can_You_Understand.mp3,prog,0.30210078152987396,0.07600371539592743,2026.4813020048716,2351.267836471885,4353.02100420691,6.130799684192854e-09,-164.1564294368553,100.92211170449714,-5.433136803554176,23.515222062698328,4.132989994538738,6.459970623214661,-4.174052300055719,-1.4628811417434193,-0.1008241673921805,-1.460562545722862,-2.191087055633548,-2.3804594301600717,-8.35175572551013,-0.14131509236605772,-5.824212761100604,1.5909043294087863,-2.696074678784777,-0.9791317347413182,-4.838460127503983,-0.5180049368084437
Eloy_-_Poseidon's_Creation.mp3,prog,0.3755528830647909,0.0721011832356453,1938.385423911046,2128.217803109908,3955.0719120620015,6.026647040445532e-09,-158.72445495930054,109.95904255494635,-17.559730420391684,24.63470882131612,5.315513567187495,16.20272485753078,-7.064017275755005,1.8250226073527298,-4.911774723823137,-0.06584627959797008,-2.0641731669842,4.5960846270213604,-4.409707207310881,0.12523483338537833,-8.355441981501395,1.2003034307982212,-2.817650021801819,1.2835739746747772,-8.121120494284826,-0.834614676585905
4_Foxlight.mp3,prog,0.3959248079029459,0.1075916737318039,2221.6845213220413,2346.7143083052574,4698.728092668266,5.508358727289631e-09,-156.9550875001579,94.43007029418969,-4.990298456924467,25.064607894994086,9.374991031414373,7.790102208733198,-0.3405662363376921,3.4568917502550653,-2.2719140893234795,5.171036382580783,-2.2745479477519113,0.44535912825305163,-5.049781619087875,0.49608033298076126,-0.9930348079376097,2.346619989253335,-3.8715631293496076,1.1597131736729278,-2.2141010877898264,0.885051093740627
04Billy_Cobham_-_Stratus.mp3,prog,0.40293744751877375,0.07674253731966019,2367.517981904103,2350.7494706320954,4960.755252962121,8.931556363959401e-09,-197.14006884243298,83.20546191208216,4.109543474371628,30.195369849780278,-1.1410944195094745,13.510887742636369,-5.089873512630986,3.5116930478499846,-6.548380147557851,4.120578146219052,-1.0445565445968177,2.0502919862339417,-5.333981813185749,0.21612660067190817,-7.035077750404889,-0.572843492272276,-5.40586683301444,-1.329590315689219,-4.745456221692296,-1.8730947116426124
01_Hortz_Fur_Dehn_Stekehn_West.mp3,prog,0.3855182740874684,0.14898715913295746,2032.4801031376483,2242.928153075797,4214.762054854308,7.0741733913946035e-09,-78.16456729410585,108.49207133874359,-14.124369953337114,23.739985065807588,4.597090741377343,8.789091335034643,-2.3706097619192814,7.466460485088336,-6.299657784853638,6.300695466506734,-1.0945032460502473,4.498520836854524,-4.0479605998816695,4.557493158965204,-5.023961068037472,1.5172584299573078,-8.749191903211676,-2.4468571876888396,-7.337180155226556,-1.2363925135512794
01-Hocus_Pocus.mp3,prog,0.43537465336011205,0.21114809811115265,2276.543094365253,2218.1254542653296,4565.574883819347,1.342760792843137e-08,-53.21564929188456,94.98556522138146,-20.554013376135607,36.9091949331239,-4.4998411286208,14.133056496490521,3.458950457149885,5.566927947645479,-3.437051986984906,9.203617873400939,-6.322067101601752,6.967057461681453,-7.1009746580169155,-2.863042369723444,0.4149152980176048,4.991674645326288,-7.711459902467937,-0.02435999674618647,-2.4849490545267736,-1.1154766388520023
01_-_Song_Within_A_Song.mp3,prog,0.33810477097177977,0.14287084341049194,1868.890278055974,2104.082560083853,3845.1101538253156,8.47016149910424e-09,-119.61231081971201,106.53983582336151,-7.862392315941967,29.43405702040852,-6.884611989583282,13.152241918069464,3.026817206984322,5.800704260308905,-2.1280008258674954,1.6055335340161108,-2.4954836562408778,7.393211264621906,-0.7659125578369053,0.8074937308695228,-6.685388718716344,-1.5934946502335443,-3.9888274053651562,2.0424211761456315,-1.2888079700300752,3.031760019560451
01_Jordrok.mp3,prog,0.3165575924571959,0.13009010255336761,2093.89656299079,2254.628009907827,4395.002128496475,6.811065505867888e-09,-142.74816265092394,96.77986222127693,-3.2447413638476466,17.427583158738425,-0.92869256743598,2.7165693605994825,-1.1390910290473069,3.07887023450758,-5.742407443488118,3.3525230840565285,-4.263191052990908,0.8000305765111722,-3.991999157206905,2.0708588459931385,-1.5863743410465538,3.8472248819040717,-0.6662828041463439,2.3209419563370677,-3.2968059551200426,0.571001727426046
04_Operation-_Mindcrime.mp3,prog,0.42372988157821345,0.24456466734409332,2651.0611998526256,2270.2824693105426,5080.031719007513,2.5145270142061674e-08,-0.8331454622809423,76.51246254441836,-33.00697740495687,32.58456363934623,-6.1291539839170195,10.4939921535013,-2.630557437733911,5.426064353094743,-5.550466142327922,2.4111038312672473,-2.9259311246063437,2.883794769414869,-7.740157044669317,-1.921884584359724,-6.380189348841335,0.160590476856162,-5.84031573587537,2.627124008930929,-2.028437363583589,0.8262180600179067
06_Forgotten_Sons.mp3,prog,0.4168688083946459,0.14065338671207428,2606.607721143144,2296.888836580168,5040.391773393529,1.2394587781315903e-08,-104.33212282458393,68.12397615233655,-25.842398330932166,33.84445872491955,5.305574749373127,10.277852862524718,3.0413797377914884,12.800150208622851,0.4524040334280139,6.270189843535704,-0.4501378655735615,5.506375649949054,-3.654601315096756,1.3825147328441807,-4.35721395461519,-0.3674558597414325,-8.349518266621102,-2.7283910043158497,-4.14971074267237,-3.405095839278104
06_Genesis_Supper's_Ready.mp3,prog,0.35343335632601675,0.07580713927745819,2084.364915936619,2211.0057015325915,4316.976839346622,3.3124553240225047e-09,-188.720197256474,97.15266386270072,-1.9031833343052031,17.464537611492233,-1.8450607119016569,8.847299480354962,1.3443565926599255,1.8958982822235264,-4.570612193062775,2.53676631219514,-3.298828439207887,1.3297439915321412,-3.990470518314463,-0.04965673318966864,-2.9232993558606886,0.8199388071919992,-5.851245315129481,1.3716493984491935,-4.906005920406617,-2.020436256744935
13_-_A_Day_in_the_Life.mp3,prog,0.4019462766421591,0.06699869781732559,1642.9838764568187,1974.2869446136135,3385.382336000517,9.354218639975066e-09,-226.2023871919289,115.75524412550082,-3.1302181654052323,30.60346553418501,4.6079527649457726,12.387218904050245,-2.9210977691379383,3.9418163363440106,-4.91098336409914,5.321377136179862,-3.3006269326440303,1.7450383682897106,-5.203952002996054,1.4119809648366137,-4.894898720046141,-0.5579387178775699,-4.6857199635935,-0.12580112772313007,-6.012455622667531,-1.2081494655844491
1954_Rosemary_Clooney_Hey_There.mp3,non_prog,0.24383367890493773,0.0910467579960823,1158.2751862980444,1732.022632630068,1979.4430281989976,0.04555848823848763,-255.92408198617423,145.47548648082304,12.823118958583745,22.66241902033339,9.797014091067869,-5.038847190342038,1.074932978020529,-9.763075378035026,-8.341074321896002,-5.776538899193518,-4.120614337346088,-4.673307527925603,-7.5828814437081915,-1.4138968566117665,-9.957793112646574,-1.203076450594552,-6.647918702600593,-0.9451024785072627,-6.066632275154979,-0.9116693787169278
1985_Wham_Careless_Whisper.mp3,non_prog,0.36270491150770146,0.07041169703006744,2551.0676999372545,2596.042083225231,5461.426917804387,0.12084399945911668,-179.48595290196127,80.09009312502951,5.500551463319771,28.932481384241754,4.9981071871180145,6.347457089489719,-2.773568053764179,6.077000631268716,-11.71182386239427,4.915133114236874,-10.706608138175788,-2.2133403213721823,-8.276662771708496,-0.71191441950578,-7.12541046735444,-1.4216813244255309,-6.798965623226345,0.3081960666862481,-4.284539029233906,2.2504248467622707
2004_Usher_Yeah.mp3,non_prog,0.41325376244179346,0.28272074460983276,3324.3631382948683,2880.637400425806,6789.607857583262,0.15444685065612537,-55.68648035089016,37.23953170782484,-3.2320175678803214,4.314212998472839,-1.4929155986792686,6.113379489356404,-9.252747696128187,9.758998328817507,-3.0526352318081527,11.925806669295108,4.209589112170635,14.023090824677181,7.124039559140761,8.347864772677204,0.8368253464020442,4.525772064058841,5.816956791025681,18.971464201359723,15.382138355619912,9.496092179814399
1979_The_Knack_My_Sharona.mp3,non_prog,0.45774308198789937,0.1813438981771469,2374.9585789117295,2347.507962074521,4843.189332912806,0.1205248425608041,-49.150982762773815,89.96666256768883,-14.439760240369186,35.99676941202541,4.6902743889160465,10.13419382125249,0.5665046770270171,11.321124702182193,-3.4129241779320876,8.402718085094321,-2.469642589081222,3.7776966711267277,-3.04947534131661,1.472279084197576,-4.399171521544178,-0.6066975134958761,-6.193114200811726,5.268991792505275,-1.5423539877203611,6.441906076149953
2013_Bruno_Mars_Locked_Out_Of_Heaven.mp3,non_prog,0.35741055252005083,0.3051455318927765,2155.0564565765303,2395.659399115822,4646.351040579332,0.09032411894820559,-39.795345210975476,97.17969811293626,-0.1258476735332792,24.59744553098515,2.450043700935446,13.041767458886916,0.2276431494082808,9.139796483522762,7.18655615495224,10.148207544845121,1.7673231554955797,5.786023812814335,-2.647820434976784,0.25953717005901805,1.1378084071497487,5.133577156622189,1.348541004651252,2.7372755513945837,-4.70502987078489,2.2505784882117426
1977_ABBA_Dancing_Queen.mp3,non_prog,0.37837390754139616,0.10777034610509872,3037.6991195960395,2646.2926209459465,6057.224057493887,0.17529335863422,-78.61583655262045,61.18530530777488,-13.939136741240711,20.278848596090512,0.11743101923491521,3.8226313816339457,1.6034912835983013,4.457500009765206,1.3678238895029204,2.1861485563764522,-3.4238719321910254,3.014982070899149,-4.294548837808735,4.586858578715198,-2.9709631137713743,-1.914921222141181,-2.4614741050847613,3.3929596186728195,-2.9411173635641137,0.51864049491666
1958_The_Champs_Tequila.mp3,non_prog,0.41986548342059776,0.09369676560163498,2360.5681456544216,1877.9164738798893,4162.592618086988,0.1537460244001582,-124.28342808659089,81.90018927334788,-57.34462278321199,47.87356569904523,-1.5293779248059922,16.551584698541877,-4.338965826734019,8.629736925638191,-6.221568594815515,6.221644752236312,-9.768722668381983,6.586133620537367,-4.144251807043028,0.7902712752254176,-8.203243673539175,-2.3337515238089885,-4.32396986729936,3.548534194612035,1.888298432601743,1.8244440556270682
1975_America_Sister_Golden_Hair.mp3,non_prog,0.3697594284195094,0.150681734085083,2243.1791641918094,2291.0753390332457,4537.063224881856,0.10992065473020944,-93.48107889950433,90.68753278043441,-15.00299034214696,35.97608776487629,5.954148183309467,5.837477715896574,-0.25533296480710754,9.989175463842985,-7.526158844547674,5.743617642465593,-4.713741413017773,0.7708424231408643,-2.9058527422344937,-1.0631294662639332,-4.642261204753155,-3.927585156153469,-8.077165973212933,-1.1900533383845497,-6.9230094454507,-2.3635649778426764
2005_Kelly_Clarkson_Since_U_Been_Gone.mp3,non_prog,0.3912951568549612,0.2951076626777649,2317.8879400563555,2409.159007298842,4809.066937053516,0.09849896400296883,-27.43557282810051,89.31366853142528,-11.236340907296276,27.502278561366847,12.71872296534703,8.82660626290865,7.655831944297095,6.504604681854964,1.3181288321934785,7.264043718324385,-5.254741230573966,4.390691935989749,-3.820182551845599,0.47655399846844143,-2.701961142168894,2.5153101783309437,-2.6025074323521173,3.1503404800917614,-2.850927987453524,3.181175169560934
2016_Twenty_One_Pilots_Stressed_Out.mp3,non_prog,0.39348627768941646,0.24270179867744446,2439.62089665969,2500.448332405288,5247.607650819733,0.09856272018948371,-101.34159897015623,76.13098879466295,20.170885686329957,22.94996456080479,5.767567654577441,9.085962284438518,5.368893848241816,6.5368143963536935,-0.0929941964291077,10.226527103045617,-4.172215689330889,5.388089853294808,-2.5749568387608304,2.6575745350559696,-1.166136698661053,2.444804685764822,-1.8176765858884776,4.593908457880943,-5.701012240852388,0.29667321078484316
1972_Don_McLean_American_Pie.mp3,non_prog,0.33970827586806823,0.20203739404678345,2482.4660578025564,2607.984173327835,5363.6582508592155,0.1076028451360602,-92.01030458852958,84.51894455169797,5.4866919919668025,24.485333012942963,10.78972860055977,9.268851451260462,0.9691422647949539,4.0753989328376345,-7.508113714989868,2.470892264702673,-8.737481766990784,4.147638191045026,-10.633743846497604,-1.8911341408978457,-6.329435495055158,-3.066496721948415,-11.729868345074976,0.010089919308630164,-6.994674446986829,-3.7775556619381407
2012_Taylor_Swift_We_Are_Never_Getting_Back_Together.mp3,non_prog,0.3914088562247039,0.18611980974674225,2980.546321547214,2786.3538668598303,6280.897464222824,0.13755486490748528,-83.49012931754628,58.298826094321385,4.942613333744367,23.33401341162221,2.937101260113416,9.576286903860405,9.297356217117533,6.231404643807436,4.282695953976362,5.846354916600884,-7.793420337610574,5.013605284142355,-6.322614532201337,7.636924024589071,0.31691326748837295,-0.12869021760548188,3.9781719551675394,5.183660131550685,-2.76852371299775,4.942160318780278
2009_Beyonce_Single_Ladies_Put_A_Ring_On_It.mp3,non_prog,0.443569657592837,0.2418213188648224,2540.0839705029325,2544.0351851638065,5304.63448710533,0.10757258482993096,-58.271124570497186,67.85270084081328,-12.033879809957863,24.00078456503396,3.5415421963333977,8.21498850489501,9.541721291108173,10.059737998714315,3.991543963685013,13.167297017237557,1.2939848520970112,10.11950878596752,0.8828720884739769,6.576488155822765,2.055789088607146,5.9237430023819195,1.3961716511354783,9.592441491002491,2.44013036162167,8.465329512885834
1991_Mariah_Carey_Someday.mp3,non_prog,0.4564308056670167,0.10133557766675949,4078.720024156575,3063.6364487321944,7841.338799704968,0.24562677579146755,-93.85404170319599,31.59412126518571,12.279614075806986,14.340317163569575,1.5390651016762351,10.887041628625989,0.5444780470652518,6.689086368782903,-5.4368513858102006,8.710175311145852,-7.128615735858226,6.735320764323701,0.20263442032168774,6.675095687820796,-2.4879154756291664,1.3327307009879605,-4.082076038155014,1.0758600474421525,-3.610086707798958,6.434616696327045
1988_INXS_Need_You_Tonight.mp3,non_prog,0.465487988570353,0.07222986966371536,3057.1324569847657,2595.7988420474962,5982.15443517961,0.1607570564673777,-158.69033616311134,55.39369684381571,-9.09756297497142,33.715588198581294,4.1360932589351105,13.459869398104773,4.473793870522583,8.268113938176162,-0.7743374209107139,4.949100434748645,-0.9691603485750365,4.652849475234497,-5.6584096239779775,2.2315611581591495,-4.307271072625123,3.037661637121586,-9.326599142691249,3.060246848056404,-2.9026731241156223,-3.397581356099672
1959_Johnny_Horton_The_Battle_Of_New_Orleans.mp3,non_prog,0.4238831439996593,0.10113289952278137,2203.997408513623,1959.1063806518914,4116.699005966886,0.12627423487672018,-115.1032203674388,101.06589542819339,-38.17985835984459,43.64891601234773,-10.551230528992438,6.0822172472995835,-8.174446517192234,2.755168568340425,-12.642190571273154,2.7230863563909513,-6.632810393985657,1.506923153947617,-4.569855837968977,-0.349119354623988,-6.599292636314387,0.7606545322679606,-7.401646805826527,-1.3685738606524223,-9.855074980863494,-5.06647275096843
1971_Rod_Stewart_Maggie_May.mp3,non_prog,0.2911105784237339,0.13898013532161713,1874.9253140162139,2198.5718345876317,3944.6263788499036,0.08211226439324053,-128.01924119011468,109.33921530813234,-0.11527095078652572,16.684542929787003,-0.25790156886339405,8.944816458202936,-5.338665225790835,-2.6875136757067,-10.714762229979703,-5.684620286153969,-8.719143714103787,-4.642637820165843,-6.321401832526291,-6.751139854904421,-12.013705845762152,-3.8436563132772816,-5.183640129505595,2.253350310556167,-7.360215989136538,-5.45905347092912
1998_Celine_Dion_My_Heart_Will_Go_On.mp3,non_prog,0.2580839895759463,0.10958263278007507,1788.2968091675327,2138.007822620849,3618.1951426630435,0.07744840191511387,-189.35598467510093,107.13064548813574,3.6826678051601918,26.818265886819415,3.5007208222190926,4.152126721414858,6.141284261903353,2.3600790800344176,-0.7784819880924645,5.555704720526368,-7.0610610254349355,2.9077498795944123,-5.70961981276156,-1.2776246442642405,-5.2199730814726175,2.912830714391125,-2.6908935859073675,4.384663967142535,-0.5180936664633456,4.615035283399331
2001_Alan_Jackson_Where_Were_You.mp3,non_prog,0.3373238827184291,0.07468260079622269,1689.9171158426507,1972.2203906198229,3410.271120941513,0.07261299877506196,-199.11593508817293,117.75105505958544,-7.428619465141348,28.539419533226198,4.6858220790406975,3.073827996580407,2.2991085118702865,4.6966575518567195,-7.766662378719957,6.901466901158557,-7.3845485028458535,-0.06101503175914228,-1.172185283691391,-2.5458129979568946,-3.111106361977736,3.4699493519244577,-5.229164573929489,1.4338005319957707,-1.3767752116053082,2.6051020885458116
2002_Linkin_Park_In_The_End.mp3,non_prog,0.4063768101616965,0.1960587203502655,2191.1549802670097,2196.694995185266,4442.244502721208,0.11056140064874265,-65.48067666763036,94.44568417651735,-18.892713338643777,27.528705501449124,4.656656245564939,5.935383158795834,0.32537979961302943,7.907918738474014,4.874194609014161,6.980683521593583,0.4428196643973338,6.137666765598727,-2.487417826396352,-1.0128843148935243,-4.680195522640315,1.8115890158465413,-4.250889690667148,1.9502615624551445,-1.8470327410561664,3.6972186449163305
2017_Migos_Bad_&_Boujee.mp3,non_prog,0.5146254313391204,0.3238926827907562,2438.082321149551,2702.7589521492055,5438.479707672485,0.06543992286735614,-76.319900101005,82.516657266017,24.347263935434153,21.438621971526963,9.896912486378138,9.541132458405357,0.7696692364490197,11.219883349342963,3.0664677548182846,8.200780004931486,3.9503073219356857,5.586544717078082,2.9144655172014877,9.407681653391386,2.3646154299295294,5.548566878657868,-2.387869879760245,7.102204182507711,1.6616536026652349,3.9134224807009637
1945_Harry_James_and_Kitty_Kallen_It's_Been_A_Long_Long_Time.mp3,non_prog,0.28206729574509803,0.08017122745513916,2325.026457224592,2062.511004195491,4472.462101476018,0.1306948128733286,-164.33976338230505,88.5124830409361,-33.196699802256475,20.36552404654082,-21.038530002331417,3.783718342418225,-11.17250291668816,1.316121054713541,-11.112757747807173,0.8236794930103329,-5.27040275697077,1.0953285627333542,-4.5978376861887345,2.366329479165603,-4.086078532016094,3.371999624087439,-0.16921055920117625,5.010393156136043,-0.1660878066283013,2.996605862817936
1944_Les_Brown_Twilight_Time.mp3,non_prog,0.28802390593284255,0.09716518223285675,1335.0433999386078,1341.3401674759589,2584.5721894585654,0.0761717661908078,-200.87763915423585,153.9681052007558,-38.84890495852742,40.77597913818737,-14.967740775726316,3.249211303942003,-1.2549636581689823,-15.69116285654345,-4.997646319913742,-6.803002008175531,-0.9692414062483289,1.9245338777474166,-1.4967841323486475,0.00790253691745924,0.11127740542142037,0.3803705953246548,-0.2779705680853403,1.914624293275309,0.7840045867174611,-2.3530961964717574
1967_The_Doors_Light_My_Fire.mp3,non_prog,0.35329356141655915,0.18723489344120026,2489.855567896583,2455.6480831092776,5270.076153883602,0.1330942770421295,-39.334721248590874,84.9564311637956,-1.3308355710189728,41.86661716731924,-4.082426638658402,11.749162146788118,-16.68164391006152,2.394189493199766,-6.585962729279729,5.587587137326292,-5.08708456743368,0.9304169019892279,-7.412225269213051,5.280583054028416,-6.480627746352048,0.6697632534056479,-2.748725344763361,0.69310948974319,-4.459755718364668,2.686479477213912
1941_Glenn_Miller_Chatanooga_Choo_Choo.mp3,non_prog,0.3239699236082415,0.06881890445947647,1582.1528875425745,1606.8473893222758,3152.2467179272503,0.07980536277569877,-239.62235711158405,135.01674029510966,-32.13029400630136,42.98257202971214,-13.267685761878777,-0.5715854012297212,1.9686108634088373,0.3726151108100917,-10.323058051479002,11.387212966433156,-11.953178124315011,-3.2372054712028895,0.8324706023199753,-7.702126369681452,-2.6628586193247417,-1.2842239772070765,-1.0292716852674846,-2.830000797129279,-2.2570995280995034,-2.573130468216877
1940_Tommy_Dorsey_I'll_Never_Smile_Again.mp3,non_prog,0.3060789950163252,0.1023348867893219,941.8770386647349,988.1617331530477,1798.952553186044,0.05399180881839966,-251.08801646611488,184.87566334955795,-39.009556179939935,39.36393419909612,17.55210505951836,-7.086384442392174,16.18125123519762,-11.358494173160642,-10.372419871812959,-5.515913963198884,-9.500374115018595,-3.922132914794891,-7.4257061163363645,-3.3973960448381946,-1.0112434803026287,-1.8188306500453344,-1.0086213005853615,-3.4223006227678434,0.1540368363620872,0.9106702580839835
2015_Rihanna_FourFiveSeconds.mp3,non_prog,0.30179472396126183,0.21233169734477997,1776.537930094614,2154.664745584761,3595.833890113605,0.07532881938023915,-119.88251884961595,116.09388244112348,10.274730568431746,28.622260448610692,13.521989638453627,0.028103919505731444,5.339593815067803,-2.550101499531507,3.4999490294652413,-0.024674938301768645,-5.945042458891882,-0.454421905624533,-11.170284355533534,1.9376268288286365,-10.383485062589617,-1.0149124595059447,-7.721158362253179,-0.5390565242831669,-2.5137067730227507,0.1967315521406157
1999_Britney_Spears_...Baby_One_More_Time.mp3,non_prog,0.3708088045839106,0.1708155870437622,2613.0067022758694,2528.069127445337,5400.013152729944,0.1319651434190978,-74.54600356158357,78.56617224833946,-3.806097235267567,13.706849684190203,-3.804614589064159,7.087459959958452,-3.4665349483068457,-1.2007121159205218,-2.900944330917521,2.444794924229595,-8.383024540996043,2.3751995456153243,-3.561024172089704,-0.4859110655405475,-3.997582617503993,-1.3371949836465797,-3.3139634575637156,2.9130753247851997,-1.1832572056694985,2.5383876781971657
1984_Prince_When_Doves_Cry.mp3,non_prog,0.4193402796899348,0.08655177056789398,2404.4805750309647,2268.3345156463774,4922.844320878,0.12600752027398046,-132.97791316854645,88.69229589133745,-25.243157525710487,20.116760841369977,-4.529963334973429,18.00598494055378,-14.60103035977423,11.030029311153971,-4.46034037322113,9.406801244062775,0.7245276695325454,1.5757384463995199,-1.0070588884210803,2.2147577277781303,-0.9492242813122606,1.5326551024475543,-3.162376766032691,1.325950102900189,-5.483035085349027,-1.0909555569498568
1987_Heart_Alone.mp3,non_prog,0.28206022492125826,0.15308000147342682,2335.753548405014,2259.8819554701004,4639.098918181743,0.12171913256021705,-87.82993460932443,89.76375099625535,-17.62958102783268,17.433689979661636,-13.737430427162842,0.038973478100524324,-8.98779138540311,-0.8958832770309265,-9.630635109907306,-1.140659209756067,-8.802118452320089,-2.4676287901047935,-5.378083420484031,2.5309754598456506,-4.353918899527022,-1.1897712194291639,-7.048805713713644,-1.1050602416443405,-4.765601805956805,-0.9612737759696254
1997_The_Verve_Bittersweet_Symphony.mp3,non_prog,0.3908805245319671,0.19034922122955322,2358.095912690055,2394.507196039335,5111.584986686459,0.11684017374157812,-45.55584989552611,91.99838834406812,-11.900686855991438,28.82555230108764,-1.0862993821375808,11.313105646939146,-7.511161964580251,8.34624103860888,-7.613148879269806,5.802842883765028,-8.499339980611909,4.118208450115746,-2.9666588641699274,-1.2841714499125847,-4.4229527486899185,2.2945959298796366,-5.583689989305443,3.261360696162704,-3.536339783832122,-1.389505459666524
1964_The_Beatles_I_Want_To_Hold_Your_Hand.mp3,non_prog,0.362555328660908,0.19903646409511566,2502.273452787303,2255.18814543465,4944.534178592699,0.13999095381566304,-37.96169444570411,79.15268402797825,-25.462627009721963,20.87176076274823,-17.704843695891565,8.868798994405575,-9.090202284118348,4.105528519513833,-6.589563432886852,4.626008559134513,-6.368431011195448,-1.0227618914698908,-2.389360997210967,3.746601867408527,-6.359716214309185,-2.1484128732724033,-5.540497962722102,3.0065490355462434,-5.684132760533338,-1.2752416983141814
2014_Katy_Perry_Roar.mp3,non_prog,0.4277740838014773,0.09557944536209106,2364.0235759745215,2433.0098022882207,4994.465968919837,0.09997356406896998,-141.99937654183066,83.58212028872566,-9.01983986228836,28.9066432319124,2.5257770258427454,9.846927298004285,4.3615010179019125,13.59685112377294,3.1550120825351744,9.224374883834413,-3.3778354102101678,5.627035951048626,-1.4045326350524934,3.223617719444859,0.5327917857279239,3.2255380082761125,0.1389043588044771,3.520278597272289,-3.273190946087033,3.610047231943705
1976_Eagles_Hotel_California.mp3,non_prog,0.3555381391670377,0.1705680787563324,2062.822009172301,2176.828734335041,4156.118911108705,0.10192911031095711,-98.91306429962194,96.90503417417038,-18.36307570383254,28.706935346666132,10.723083656661544,11.223449010838353,1.8370493806751518,6.338935238213424,1.0475323205240905,5.1004895402307575,-0.4113805414907217,3.1081507297986337,-7.015955789741176,-2.0411210448025594,-3.3572313821675195,-0.1186151536618641,-5.896577148911316,-0.02832606701891316,-1.7162352747198166,3.0294081141686298
1990_Michael_Bolton_How_Am_I_Supposed_To_Live_Without_You.mp3,non_prog,0.34871233017586584,0.17258097231388092,2595.177081388523,2661.1591921832733,5693.340682777161,0.12025243498265453,-80.95931745231435,80.69888126977396,14.250716677459842,23.300320076108857,-1.6247706792020904,14.54836639620572,-1.5204485636769896,4.5719729414778545,-4.207395875553934,3.6991916461243908,-0.8325211395258278,0.08269165137883516,-4.29979373968603,0.7900082353879947,-3.468848570901294,0.12403691006819194,-6.774707563326297,-0.11874850788243925,-3.9193030133971924,-1.0905904065931138
1994_Ace_Of_Base_All_That_She_Wants.mp3,non_prog,0.40835043766231005,0.10731372982263565,2668.127645842409,2918.933831559559,6170.709505733541,0.09069793191927285,-177.7876964142932,66.68525257611864,30.466252647120147,20.63213371919396,4.1672675820614025,9.721158350443835,1.7771288715987315,4.326443749761617,4.751275399068909,10.458485994878206,6.336198287316177,8.765798956360294,3.439838723415563,6.055474135448899,-0.19421981406109784,0.706279141813913,-2.4882538780604007,6.167951488196387,1.468702823556134,1.75910568987235
1960_Bryan_Hyland_Itsy_Bitsy.mp3,non_prog,0.3886369696395698,0.05960890278220177,2389.7311651877812,2248.8194455882012,4750.726067529966,0.11720334604839368,-203.286940444854,84.87034006465323,-16.00655764323282,40.643198474306836,-4.793110562662841,10.31775419134763,-2.4931991356796637,6.010080655916413,-3.943433114169464,7.29080616661776,-5.1671004577519675,5.075925259344925,-3.802770967741802,-2.7356465028742023,-2.019225069007757,0.009167001439581848,-2.01561021989312,-0.47713921450471214,-7.105186565579404,2.709462515088452
1946_Perry_Como_Prisoner_of_Love.mp3,non_prog,0.299321846636375,0.08425106853246689,1125.4819693225108,1148.0601637443706,2064.9689876485695,0.06782820683924255,-241.08270768641597,172.19759718055363,-28.534262020043435,26.855620778372465,-5.237027762116186,-12.389775143900195,12.165733119601642,-8.828236233895346,-2.636821430232424,-0.852502216196377,-6.045199942021943,0.8423111742316087,-3.9123016544037243,-6.166219316143753,-3.3830586744217426,-2.807763909747968,-2.0755473277704195,-6.508701562744674,-4.957241646539316,-2.762599161772771
2000_Sting_Desert_Rose.mp3,non_prog,0.3666124060194796,0.21982251107692719,2225.3816334784556,2555.078989407926,5007.888086492365,0.0858086127739448,-69.83668980681782,92.87996798390128,10.891309330079357,25.196277829559374,9.431872612100836,12.402622656559224,-2.3294987065037676,7.502659667586208,-0.9589775802551573,6.928860029866606,1.2159483271363567,9.180997161276771,-0.8414570297185143,3.3565795285716478,-3.0448514398606403,-1.135372618271262,-4.689533030453747,1.5703423363202635,-5.452410285204274,2.709950049188925
1989_Milli_Vanilli_Girl_You_Know_It's_True.mp3,non_prog,0.45247202052388735,0.11641858518123627,2837.319034598669,2647.818615112559,5867.583517798098,0.13073469705879012,-130.51196195692637,60.790511964762736,3.804733945325817,27.379665999266155,-0.7711331520968152,17.594276304067492,-1.0243216323576567,9.289624582947976,3.2249644562596402,6.8389201122872665,2.6195655716926876,3.932237026310829,-0.5070286013995724,4.321247525759644,-0.6991487694613484,3.5200327202769746,-1.951739998640148,3.521832313245043,-0.6355467805682092,1.176595422051472
1993_Snap_Rhythm_Is_A_Dancer.mp3,non_prog,0.43799235054813507,0.08638248592615128,2001.7700260865784,2322.087547451965,4542.120818953187,0.07683395994558381,-163.35230353950047,103.76967780672427,1.0153826728352267,32.20223133499685,-3.506675582411702,15.019489369514796,-2.2563732987969822,10.294297940156389,-5.205370221081362,8.476713882341787,-5.411141594269377,5.263405171164016,-1.134614466409921,3.0069619989872987,-2.7871591078610085,3.4143095259999607,-1.7006910664455341,4.770936966159932,-1.622858593061581,5.204108543146326
1956_Elvis_Presley_Heartbreak_Hotel.mp3,non_prog,0.303222789786285,0.11430218070745468,1954.4457856750955,2242.5583151398046,3939.4214984918553,0.08325116103212869,-187.14905779624243,100.62446533029132,9.82644772932336,23.948432931065305,0.3453987316685133,2.9300819408530145,0.9944546254510267,-4.142823147404811,-11.949612268180754,0.967442436341762,-3.3110357156968595,1.505783486093154,-7.153600420586111,2.702413951056658,-9.516075016014648,-2.9676445750298455,-8.264354945931423,-0.1354850033272192,-7.742270343832921,-0.2360720371033019
1950_Nat_King_Cole_Mona_Lisa.mp3,non_prog,0.27291961078258226,0.08519183099269867,1150.3544006987117,1514.1227111518099,2027.0708639159454,0.055005063737418425,-257.3145913250014,164.08983362855437,-7.627776616599119,9.67319940450941,16.18766285709439,-11.574358704133294,-5.115109081877241,0.422139679690299,-11.127142567080895,-4.118556123347198,-1.5202949554827594,-5.806393041504142,-4.96151031168993,-1.8631968333458215,-4.570306446790565,-2.334417997843534,-3.629608841394125,-1.048701582685882,-1.934734787694824,-1.3930775305764844
2003_Evanescence_Bring_Me_To_Life.mp3,non_prog,0.37203341561200237,0.27015358209609985,2487.395020794422,2429.812553624177,5046.039079604017,0.12585193379169538,-22.866588112488245,80.92670631337101,-13.552697814411514,32.40867444165686,5.606037881999158,2.9013486067418297,2.8103358182027534,2.924271468686285,1.2891474500104085,4.154281843506046,-6.225311764691701,6.251332231196746,-3.7487034508098884,3.740468345075623,0.4633690578100642,7.946787469417662,-3.082260408316312,2.47910845039044,-2.7624667780212167,7.138543892881801
1982_Foreigner_Waiting_For_A_Girl_Like_You.mp3,non_prog,0.32929803663088825,0.23252640664577484,2066.2892618347223,2396.574951218161,4610.508589399986,0.08442043261045906,-78.06805109691571,100.04733198115203,12.015345177463965,23.639351607482418,-2.8188764615087694,10.593039625543257,-6.485239983505455,4.406885103783227,-7.433940739410437,2.660931237995856,-3.344372653551314,1.339509296795128,-3.356651181783351,1.535884522866197,-3.3630025878749836,0.6515739090087895,-7.494350695539205,0.8359382972979851,-6.0855259973810245,0.9553600041601258
"2019_Ariana_Grande_Thank_U,_Next.mp3",non_prog,0.33124573496001775,0.09770061075687408,2046.6496640496819,2323.1211230868375,4275.870803099866,0.09522026299961366,-190.73785329391131,108.59520537293322,3.5711352439029813,7.524162867706254,3.9873257985715855,-6.696768077423621,-0.27043533854006246,-10.758046242291888,1.2666495019868769,5.192361352201397,-7.895669191364591,3.0625058088137087,-5.900886727669846,-1.1123509793901045,-5.159143858740052,-0.750779184159011,-2.6128887316729115,1.7205253012720292,-1.1298624930911103,2.877441070659841
